Iteration,E,nu,RMSE
1,10,0.1,5.60E-08
2,10,0.10975,5.60E-08
3,10,0.1195,5.60E-08
4,10,0.12925,5.60E-08
5,10,0.139,5.60E-08
6,10,0.14875,5.60E-08
7,10,0.1585,5.60E-08
8,10,0.16825,5.60E-08
9,10,0.178,5.60E-08
10,10,0.18775,5.60E-08
11,10,0.1975,5.60E-08
12,10,0.20725,5.60E-08
13,10,0.217,5.60E-08
14,10,0.22675,5.60E-08
15,10,0.2365,5.60E-08
16,10,0.24625,5.60E-08
17,10,0.256,5.60E-08
18,10,0.26575,5.60E-08
19,10,0.2755,5.60E-08
20,10,0.28525,5.60E-08
21,10,0.295,5.60E-08
22,10,0.30475,5.60E-08
23,10,0.3145,5.60E-08
24,10,0.32425,5.60E-08
25,10,0.334,5.60E-08
26,10,0.34375,5.60E-08
27,10,0.3535,5.60E-08
28,10,0.36325,5.60E-08
29,10,0.373,5.60E-08
30,10,0.38275,5.60E-08
31,10,0.3925,5.60E-08
32,10,0.40225,5.60E-08
33,10,0.412,5.60E-08
34,10,0.42175,5.60E-08
35,10,0.4315,5.60E-08
36,10,0.44125,5.60E-08
37,10,0.451,5.60E-08
38,10,0.46075,5.60E-08
39,10,0.4705,5.60E-08
40,10,0.48025,5.60E-08
41,10,0.49,5.60E-08
42,134.75,0.1,5.36E-08
43,134.75,0.10975,5.36E-08
44,134.75,0.1195,5.36E-08
45,134.75,0.12925,5.36E-08
46,134.75,0.139,5.36E-08
47,134.75,0.14875,5.36E-08
48,134.75,0.1585,5.35E-08
49,134.75,0.16825,5.35E-08
50,134.75,0.178,5.35E-08
51,134.75,0.18775,5.35E-08
52,134.75,0.1975,5.35E-08
53,134.75,0.20725,5.35E-08
54,134.75,0.217,5.35E-08
55,134.75,0.22675,5.34E-08
56,134.75,0.2365,5.34E-08
57,134.75,0.24625,5.34E-08
58,134.75,0.256,5.34E-08
59,134.75,0.26575,5.34E-08
60,134.75,0.2755,5.34E-08
61,134.75,0.28525,5.33E-08
62,134.75,0.295,5.33E-08
63,134.75,0.30475,5.33E-08
64,134.75,0.3145,5.33E-08
65,134.75,0.32425,5.33E-08
66,134.75,0.334,5.32E-08
67,134.75,0.34375,5.32E-08
68,134.75,0.3535,5.32E-08
69,134.75,0.36325,5.32E-08
70,134.75,0.373,5.32E-08
71,134.75,0.38275,5.32E-08
72,134.75,0.3925,5.31E-08
73,134.75,0.40225,5.31E-08
74,134.75,0.412,5.31E-08
75,134.75,0.42175,5.31E-08
76,134.75,0.4315,5.31E-08
77,134.75,0.44125,5.30E-08
78,134.75,0.451,5.30E-08
79,134.75,0.46075,5.30E-08
80,134.75,0.4705,5.30E-08
81,134.75,0.48025,5.30E-08
82,134.75,0.49,5.30E-08
83,259.5,0.1,5.12E-08
84,259.5,0.10975,5.12E-08
85,259.5,0.1195,5.12E-08
86,259.5,0.12925,5.12E-08
87,259.5,0.139,5.11E-08
88,259.5,0.14875,5.11E-08
89,259.5,0.1585,5.11E-08
90,259.5,0.16825,5.11E-08
91,259.5,0.178,5.10E-08
92,259.5,0.18775,5.10E-08
93,259.5,0.1975,5.10E-08
94,259.5,0.20725,5.09E-08
95,259.5,0.217,5.09E-08
96,259.5,0.22675,5.09E-08
97,259.5,0.2365,5.09E-08
98,259.5,0.24625,5.08E-08
99,259.5,0.256,5.08E-08
100,259.5,0.26575,5.08E-08
101,259.5,0.2755,5.07E-08
102,259.5,0.28525,5.07E-08
103,259.5,0.295,5.07E-08
104,259.5,0.30475,5.06E-08
105,259.5,0.3145,5.06E-08
106,259.5,0.32425,5.06E-08
107,259.5,0.334,5.05E-08
108,259.5,0.34375,5.05E-08
109,259.5,0.3535,5.05E-08
110,259.5,0.36325,5.04E-08
111,259.5,0.373,5.04E-08
112,259.5,0.38275,5.03E-08
113,259.5,0.3925,5.03E-08
114,259.5,0.40225,5.03E-08
115,259.5,0.412,5.02E-08
116,259.5,0.42175,5.02E-08
117,259.5,0.4315,5.02E-08
118,259.5,0.44125,5.01E-08
119,259.5,0.451,5.01E-08
120,259.5,0.46075,5.01E-08
121,259.5,0.4705,5.00E-08
122,259.5,0.48025,5.00E-08
123,259.5,0.49,5.00E-08
124,384.25,0.1,4.89E-08
125,384.25,0.10975,4.88E-08
126,384.25,0.1195,4.88E-08
127,384.25,0.12925,4.88E-08
128,384.25,0.139,4.87E-08
129,384.25,0.14875,4.87E-08
130,384.25,0.1585,4.86E-08
131,384.25,0.16825,4.86E-08
132,384.25,0.178,4.86E-08
133,384.25,0.18775,4.85E-08
134,384.25,0.1975,4.85E-08
135,384.25,0.20725,4.84E-08
136,384.25,0.217,4.84E-08
137,384.25,0.22675,4.83E-08
138,384.25,0.2365,4.83E-08
139,384.25,0.24625,4.82E-08
140,384.25,0.256,4.82E-08
141,384.25,0.26575,4.82E-08
142,384.25,0.2755,4.81E-08
143,384.25,0.28525,4.81E-08
144,384.25,0.295,4.80E-08
145,384.25,0.30475,4.80E-08
146,384.25,0.3145,4.79E-08
147,384.25,0.32425,4.79E-08
148,384.25,0.334,4.78E-08
149,384.25,0.34375,4.77E-08
150,384.25,0.3535,4.77E-08
151,384.25,0.36325,4.76E-08
152,384.25,0.373,4.76E-08
153,384.25,0.38275,4.75E-08
154,384.25,0.3925,4.75E-08
155,384.25,0.40225,4.74E-08
156,384.25,0.412,4.74E-08
157,384.25,0.42175,4.73E-08
158,384.25,0.4315,4.73E-08
159,384.25,0.44125,4.72E-08
160,384.25,0.451,4.72E-08
161,384.25,0.46075,4.71E-08
162,384.25,0.4705,4.71E-08
163,384.25,0.48025,4.70E-08
164,384.25,0.49,4.70E-08
165,509,0.1,4.65E-08
166,509,0.10975,4.64E-08
167,509,0.1195,4.64E-08
168,509,0.12925,4.63E-08
169,509,0.139,4.63E-08
170,509,0.14875,4.62E-08
171,509,0.1585,4.62E-08
172,509,0.16825,4.61E-08
173,509,0.178,4.61E-08
174,509,0.18775,4.60E-08
175,509,0.1975,4.60E-08
176,509,0.20725,4.59E-08
177,509,0.217,4.59E-08
178,509,0.22675,4.58E-08
179,509,0.2365,4.57E-08
180,509,0.24625,4.57E-08
181,509,0.256,4.56E-08
182,509,0.26575,4.55E-08
183,509,0.2755,4.55E-08
184,509,0.28525,4.54E-08
185,509,0.295,4.53E-08
186,509,0.30475,4.53E-08
187,509,0.3145,4.52E-08
188,509,0.32425,4.51E-08
189,509,0.334,4.51E-08
190,509,0.34375,4.50E-08
191,509,0.3535,4.49E-08
192,509,0.36325,4.49E-08
193,509,0.373,4.48E-08
194,509,0.38275,4.47E-08
195,509,0.3925,4.47E-08
196,509,0.40225,4.46E-08
197,509,0.412,4.45E-08
198,509,0.42175,4.44E-08
199,509,0.4315,4.44E-08
200,509,0.44125,4.43E-08
201,509,0.451,4.42E-08
202,509,0.46075,4.42E-08
203,509,0.4705,4.41E-08
204,509,0.48025,4.40E-08
205,509,0.49,4.40E-08
206,633.75,0.1,4.41E-08
207,633.75,0.10975,4.40E-08
208,633.75,0.1195,4.40E-08
209,633.75,0.12925,4.39E-08
210,633.75,0.139,4.39E-08
211,633.75,0.14875,4.38E-08
212,633.75,0.1585,4.37E-08
213,633.75,0.16825,4.37E-08
214,633.75,0.178,4.36E-08
215,633.75,0.18775,4.35E-08
216,633.75,0.1975,4.35E-08
217,633.75,0.20725,4.34E-08
218,633.75,0.217,4.33E-08
219,633.75,0.22675,4.32E-08
220,633.75,0.2365,4.32E-08
221,633.75,0.24625,4.31E-08
222,633.75,0.256,4.30E-08
223,633.75,0.26575,4.29E-08
224,633.75,0.2755,4.29E-08
225,633.75,0.28525,4.28E-08
226,633.75,0.295,4.27E-08
227,633.75,0.30475,4.26E-08
228,633.75,0.3145,4.25E-08
229,633.75,0.32425,4.24E-08
230,633.75,0.334,4.23E-08
231,633.75,0.34375,4.23E-08
232,633.75,0.3535,4.22E-08
233,633.75,0.36325,4.21E-08
234,633.75,0.373,4.20E-08
235,633.75,0.38275,4.19E-08
236,633.75,0.3925,4.18E-08
237,633.75,0.40225,4.17E-08
238,633.75,0.412,4.16E-08
239,633.75,0.42175,4.16E-08
240,633.75,0.4315,4.15E-08
241,633.75,0.44125,4.14E-08
242,633.75,0.451,4.13E-08
243,633.75,0.46075,4.12E-08
244,633.75,0.4705,4.11E-08
245,633.75,0.48025,4.10E-08
246,633.75,0.49,4.10E-08
247,758.5,0.1,4.17E-08
248,758.5,0.10975,4.16E-08
249,758.5,0.1195,4.16E-08
250,758.5,0.12925,4.15E-08
251,758.5,0.139,4.14E-08
252,758.5,0.14875,4.14E-08
253,758.5,0.1585,4.13E-08
254,758.5,0.16825,4.12E-08
255,758.5,0.178,4.11E-08
256,758.5,0.18775,4.10E-08
257,758.5,0.1975,4.10E-08
258,758.5,0.20725,4.09E-08
259,758.5,0.217,4.08E-08
260,758.5,0.22675,4.07E-08
261,758.5,0.2365,4.06E-08
262,758.5,0.24625,4.05E-08
263,758.5,0.256,4.04E-08
264,758.5,0.26575,4.03E-08
265,758.5,0.2755,4.02E-08
266,758.5,0.28525,4.01E-08
267,758.5,0.295,4.00E-08
268,758.5,0.30475,3.99E-08
269,758.5,0.3145,3.98E-08
270,758.5,0.32425,3.97E-08
271,758.5,0.334,3.96E-08
272,758.5,0.34375,3.95E-08
273,758.5,0.3535,3.94E-08
274,758.5,0.36325,3.93E-08
275,758.5,0.373,3.92E-08
276,758.5,0.38275,3.91E-08
277,758.5,0.3925,3.90E-08
278,758.5,0.40225,3.89E-08
279,758.5,0.412,3.88E-08
280,758.5,0.42175,3.87E-08
281,758.5,0.4315,3.86E-08
282,758.5,0.44125,3.85E-08
283,758.5,0.451,3.84E-08
284,758.5,0.46075,3.83E-08
285,758.5,0.4705,3.82E-08
286,758.5,0.48025,3.81E-08
287,758.5,0.49,3.80E-08
288,883.25,0.1,3.93E-08
289,883.25,0.10975,3.92E-08
290,883.25,0.1195,3.92E-08
291,883.25,0.12925,3.91E-08
292,883.25,0.139,3.90E-08
293,883.25,0.14875,3.89E-08
294,883.25,0.1585,3.88E-08
295,883.25,0.16825,3.87E-08
296,883.25,0.178,3.86E-08
297,883.25,0.18775,3.85E-08
298,883.25,0.1975,3.84E-08
299,883.25,0.20725,3.83E-08
300,883.25,0.217,3.82E-08
301,883.25,0.22675,3.81E-08
302,883.25,0.2365,3.80E-08
303,883.25,0.24625,3.79E-08
304,883.25,0.256,3.78E-08
305,883.25,0.26575,3.77E-08
306,883.25,0.2755,3.76E-08
307,883.25,0.28525,3.75E-08
308,883.25,0.295,3.74E-08
309,883.25,0.30475,3.73E-08
310,883.25,0.3145,3.71E-08
311,883.25,0.32425,3.70E-08
312,883.25,0.334,3.69E-08
313,883.25,0.34375,3.68E-08
314,883.25,0.3535,3.67E-08
315,883.25,0.36325,3.65E-08
316,883.25,0.373,3.64E-08
317,883.25,0.38275,3.63E-08
318,883.25,0.3925,3.62E-08
319,883.25,0.40225,3.60E-08
320,883.25,0.412,3.59E-08
321,883.25,0.42175,3.58E-08
322,883.25,0.4315,3.57E-08
323,883.25,0.44125,3.55E-08
324,883.25,0.451,3.54E-08
325,883.25,0.46075,3.53E-08
326,883.25,0.4705,3.52E-08
327,883.25,0.48025,3.51E-08
328,883.25,0.49,3.50E-08
329,1008,0.1,3.69E-08
330,1008,0.10975,3.69E-08
331,1008,0.1195,3.68E-08
332,1008,0.12925,3.67E-08
333,1008,0.139,3.66E-08
334,1008,0.14875,3.65E-08
335,1008,0.1585,3.64E-08
336,1008,0.16825,3.63E-08
337,1008,0.178,3.62E-08
338,1008,0.18775,3.61E-08
339,1008,0.1975,3.59E-08
340,1008,0.20725,3.58E-08
341,1008,0.217,3.57E-08
342,1008,0.22675,3.56E-08
343,1008,0.2365,3.55E-08
344,1008,0.24625,3.54E-08
345,1008,0.256,3.52E-08
346,1008,0.26575,3.51E-08
347,1008,0.2755,3.50E-08
348,1008,0.28525,3.48E-08
349,1008,0.295,3.47E-08
350,1008,0.30475,3.46E-08
351,1008,0.3145,3.44E-08
352,1008,0.32425,3.43E-08
353,1008,0.334,3.42E-08
354,1008,0.34375,3.40E-08
355,1008,0.3535,3.39E-08
356,1008,0.36325,3.38E-08
357,1008,0.373,3.36E-08
358,1008,0.38275,3.35E-08
359,1008,0.3925,3.33E-08
360,1008,0.40225,3.32E-08
361,1008,0.412,3.31E-08
362,1008,0.42175,3.29E-08
363,1008,0.4315,3.28E-08
364,1008,0.44125,3.26E-08
365,1008,0.451,3.25E-08
366,1008,0.46075,3.24E-08
367,1008,0.4705,3.22E-08
368,1008,0.48025,3.21E-08
369,1008,0.49,3.20E-08
370,1132.75,0.1,3.46E-08
371,1132.75,0.10975,3.45E-08
372,1132.75,0.1195,3.44E-08
373,1132.75,0.12925,3.43E-08
374,1132.75,0.139,3.41E-08
375,1132.75,0.14875,3.40E-08
376,1132.75,0.1585,3.39E-08
377,1132.75,0.16825,3.38E-08
378,1132.75,0.178,3.37E-08
379,1132.75,0.18775,3.36E-08
380,1132.75,0.1975,3.34E-08
381,1132.75,0.20725,3.33E-08
382,1132.75,0.217,3.32E-08
383,1132.75,0.22675,3.30E-08
384,1132.75,0.2365,3.29E-08
385,1132.75,0.24625,3.28E-08
386,1132.75,0.256,3.26E-08
387,1132.75,0.26575,3.25E-08
388,1132.75,0.2755,3.24E-08
389,1132.75,0.28525,3.22E-08
390,1132.75,0.295,3.21E-08
391,1132.75,0.30475,3.19E-08
392,1132.75,0.3145,3.18E-08
393,1132.75,0.32425,3.16E-08
394,1132.75,0.334,3.14E-08
395,1132.75,0.34375,3.13E-08
396,1132.75,0.3535,3.11E-08
397,1132.75,0.36325,3.10E-08
398,1132.75,0.373,3.08E-08
399,1132.75,0.38275,3.07E-08
400,1132.75,0.3925,3.05E-08
401,1132.75,0.40225,3.04E-08
402,1132.75,0.412,3.02E-08
403,1132.75,0.42175,3.00E-08
404,1132.75,0.4315,2.99E-08
405,1132.75,0.44125,2.97E-08
406,1132.75,0.451,2.96E-08
407,1132.75,0.46075,2.94E-08
408,1132.75,0.4705,2.93E-08
409,1132.75,0.48025,2.91E-08
410,1132.75,0.49,2.90E-08
411,1257.5,0.1,3.22E-08
412,1257.5,0.10975,3.21E-08
413,1257.5,0.1195,3.20E-08
414,1257.5,0.12925,3.18E-08
415,1257.5,0.139,3.17E-08
416,1257.5,0.14875,3.16E-08
417,1257.5,0.1585,3.15E-08
418,1257.5,0.16825,3.13E-08
419,1257.5,0.178,3.12E-08
420,1257.5,0.18775,3.11E-08
421,1257.5,0.1975,3.09E-08
422,1257.5,0.20725,3.08E-08
423,1257.5,0.217,3.06E-08
424,1257.5,0.22675,3.05E-08
425,1257.5,0.2365,3.04E-08
426,1257.5,0.24625,3.02E-08
427,1257.5,0.256,3.00E-08
428,1257.5,0.26575,2.99E-08
429,1257.5,0.2755,2.97E-08
430,1257.5,0.28525,2.96E-08
431,1257.5,0.295,2.94E-08
432,1257.5,0.30475,2.92E-08
433,1257.5,0.3145,2.91E-08
434,1257.5,0.32425,2.89E-08
435,1257.5,0.334,2.87E-08
436,1257.5,0.34375,2.86E-08
437,1257.5,0.3535,2.84E-08
438,1257.5,0.36325,2.82E-08
439,1257.5,0.373,2.80E-08
440,1257.5,0.38275,2.79E-08
441,1257.5,0.3925,2.77E-08
442,1257.5,0.40225,2.75E-08
443,1257.5,0.412,2.73E-08
444,1257.5,0.42175,2.72E-08
445,1257.5,0.4315,2.70E-08
446,1257.5,0.44125,2.68E-08
447,1257.5,0.451,2.66E-08
448,1257.5,0.46075,2.65E-08
449,1257.5,0.4705,2.63E-08
450,1257.5,0.48025,2.61E-08
451,1257.5,0.49,2.60E-08
452,1382.25,0.1,2.98E-08
453,1382.25,0.10975,2.97E-08
454,1382.25,0.1195,2.96E-08
455,1382.25,0.12925,2.94E-08
456,1382.25,0.139,2.93E-08
457,1382.25,0.14875,2.92E-08
458,1382.25,0.1585,2.90E-08
459,1382.25,0.16825,2.89E-08
460,1382.25,0.178,2.87E-08
461,1382.25,0.18775,2.86E-08
462,1382.25,0.1975,2.84E-08
463,1382.25,0.20725,2.83E-08
464,1382.25,0.217,2.81E-08
465,1382.25,0.22675,2.80E-08
466,1382.25,0.2365,2.78E-08
467,1382.25,0.24625,2.76E-08
468,1382.25,0.256,2.75E-08
469,1382.25,0.26575,2.73E-08
470,1382.25,0.2755,2.71E-08
471,1382.25,0.28525,2.69E-08
472,1382.25,0.295,2.67E-08
473,1382.25,0.30475,2.66E-08
474,1382.25,0.3145,2.64E-08
475,1382.25,0.32425,2.62E-08
476,1382.25,0.334,2.60E-08
477,1382.25,0.34375,2.58E-08
478,1382.25,0.3535,2.56E-08
479,1382.25,0.36325,2.54E-08
480,1382.25,0.373,2.52E-08
481,1382.25,0.38275,2.51E-08
482,1382.25,0.3925,2.49E-08
483,1382.25,0.40225,2.47E-08
484,1382.25,0.412,2.45E-08
485,1382.25,0.42175,2.43E-08
486,1382.25,0.4315,2.41E-08
487,1382.25,0.44125,2.39E-08
488,1382.25,0.451,2.37E-08
489,1382.25,0.46075,2.35E-08
490,1382.25,0.4705,2.33E-08
491,1382.25,0.48025,2.32E-08
492,1382.25,0.49,2.30E-08
493,1507,0.1,2.74E-08
494,1507,0.10975,2.73E-08
495,1507,0.1195,2.72E-08
496,1507,0.12925,2.70E-08
497,1507,0.139,2.69E-08
498,1507,0.14875,2.67E-08
499,1507,0.1585,2.66E-08
500,1507,0.16825,2.64E-08
501,1507,0.178,2.63E-08
502,1507,0.18775,2.61E-08
503,1507,0.1975,2.59E-08
504,1507,0.20725,2.58E-08
505,1507,0.217,2.56E-08
506,1507,0.22675,2.54E-08
507,1507,0.2365,2.52E-08
508,1507,0.24625,2.50E-08
509,1507,0.256,2.49E-08
510,1507,0.26575,2.47E-08
511,1507,0.2755,2.45E-08
512,1507,0.28525,2.43E-08
513,1507,0.295,2.41E-08
514,1507,0.30475,2.39E-08
515,1507,0.3145,2.37E-08
516,1507,0.32425,2.35E-08
517,1507,0.334,2.33E-08
518,1507,0.34375,2.31E-08
519,1507,0.3535,2.29E-08
520,1507,0.36325,2.27E-08
521,1507,0.373,2.25E-08
522,1507,0.38275,2.22E-08
523,1507,0.3925,2.20E-08
524,1507,0.40225,2.18E-08
525,1507,0.412,2.16E-08
526,1507,0.42175,2.14E-08
527,1507,0.4315,2.12E-08
528,1507,0.44125,2.10E-08
529,1507,0.451,2.08E-08
530,1507,0.46075,2.06E-08
531,1507,0.4705,2.04E-08
532,1507,0.48025,2.02E-08
533,1507,0.49,2.00E-08
534,1631.75,0.1,2.50E-08
535,1631.75,0.10975,2.49E-08
536,1631.75,0.1195,2.48E-08
537,1631.75,0.12925,2.46E-08
538,1631.75,0.139,2.44E-08
539,1631.75,0.14875,2.43E-08
540,1631.75,0.1585,2.41E-08
541,1631.75,0.16825,2.40E-08
542,1631.75,0.178,2.38E-08
543,1631.75,0.18775,2.36E-08
544,1631.75,0.1975,2.34E-08
545,1631.75,0.20725,2.32E-08
546,1631.75,0.217,2.31E-08
547,1631.75,0.22675,2.29E-08
548,1631.75,0.2365,2.27E-08
549,1631.75,0.24625,2.25E-08
550,1631.75,0.256,2.23E-08
551,1631.75,0.26575,2.21E-08
552,1631.75,0.2755,2.19E-08
553,1631.75,0.28525,2.16E-08
554,1631.75,0.295,2.14E-08
555,1631.75,0.30475,2.12E-08
556,1631.75,0.3145,2.10E-08
557,1631.75,0.32425,2.08E-08
558,1631.75,0.334,2.06E-08
559,1631.75,0.34375,2.03E-08
560,1631.75,0.3535,2.01E-08
561,1631.75,0.36325,1.99E-08
562,1631.75,0.373,1.97E-08
563,1631.75,0.38275,1.94E-08
564,1631.75,0.3925,1.92E-08
565,1631.75,0.40225,1.90E-08
566,1631.75,0.412,1.88E-08
567,1631.75,0.42175,1.85E-08
568,1631.75,0.4315,1.83E-08
569,1631.75,0.44125,1.81E-08
570,1631.75,0.451,1.78E-08
571,1631.75,0.46075,1.76E-08
572,1631.75,0.4705,1.74E-08
573,1631.75,0.48025,1.72E-08
574,1631.75,0.49,1.70E-08
575,1756.5,0.1,2.27E-08
576,1756.5,0.10975,2.25E-08
577,1756.5,0.1195,2.24E-08
578,1756.5,0.12925,2.22E-08
579,1756.5,0.139,2.20E-08
580,1756.5,0.14875,2.18E-08
581,1756.5,0.1585,2.17E-08
582,1756.5,0.16825,2.15E-08
583,1756.5,0.178,2.13E-08
584,1756.5,0.18775,2.11E-08
585,1756.5,0.1975,2.09E-08
586,1756.5,0.20725,2.07E-08
587,1756.5,0.217,2.05E-08
588,1756.5,0.22675,2.03E-08
589,1756.5,0.2365,2.01E-08
590,1756.5,0.24625,1.99E-08
591,1756.5,0.256,1.97E-08
592,1756.5,0.26575,1.95E-08
593,1756.5,0.2755,1.92E-08
594,1756.5,0.28525,1.90E-08
595,1756.5,0.295,1.88E-08
596,1756.5,0.30475,1.85E-08
597,1756.5,0.3145,1.83E-08
598,1756.5,0.32425,1.81E-08
599,1756.5,0.334,1.78E-08
600,1756.5,0.34375,1.76E-08
601,1756.5,0.3535,1.74E-08
602,1756.5,0.36325,1.71E-08
603,1756.5,0.373,1.69E-08
604,1756.5,0.38275,1.66E-08
605,1756.5,0.3925,1.64E-08
606,1756.5,0.40225,1.61E-08
607,1756.5,0.412,1.59E-08
608,1756.5,0.42175,1.57E-08
609,1756.5,0.4315,1.54E-08
610,1756.5,0.44125,1.52E-08
611,1756.5,0.451,1.49E-08
612,1756.5,0.46075,1.47E-08
613,1756.5,0.4705,1.44E-08
614,1756.5,0.48025,1.42E-08
615,1756.5,0.49,1.40E-08
616,1881.25,0.1,2.03E-08
617,1881.25,0.10975,2.01E-08
618,1881.25,0.1195,2.00E-08
619,1881.25,0.12925,1.98E-08
620,1881.25,0.139,1.96E-08
621,1881.25,0.14875,1.94E-08
622,1881.25,0.1585,1.92E-08
623,1881.25,0.16825,1.90E-08
624,1881.25,0.178,1.88E-08
625,1881.25,0.18775,1.86E-08
626,1881.25,0.1975,1.84E-08
627,1881.25,0.20725,1.82E-08
628,1881.25,0.217,1.80E-08
629,1881.25,0.22675,1.78E-08
630,1881.25,0.2365,1.76E-08
631,1881.25,0.24625,1.73E-08
632,1881.25,0.256,1.71E-08
633,1881.25,0.26575,1.69E-08
634,1881.25,0.2755,1.66E-08
635,1881.25,0.28525,1.64E-08
636,1881.25,0.295,1.61E-08
637,1881.25,0.30475,1.59E-08
638,1881.25,0.3145,1.56E-08
639,1881.25,0.32425,1.54E-08
640,1881.25,0.334,1.51E-08
641,1881.25,0.34375,1.49E-08
642,1881.25,0.3535,1.46E-08
643,1881.25,0.36325,1.44E-08
644,1881.25,0.373,1.41E-08
645,1881.25,0.38275,1.38E-08
646,1881.25,0.3925,1.36E-08
647,1881.25,0.40225,1.33E-08
648,1881.25,0.412,1.30E-08
649,1881.25,0.42175,1.28E-08
650,1881.25,0.4315,1.25E-08
651,1881.25,0.44125,1.23E-08
652,1881.25,0.451,1.20E-08
653,1881.25,0.46075,1.17E-08
654,1881.25,0.4705,1.15E-08
655,1881.25,0.48025,1.13E-08
656,1881.25,0.49,1.11E-08
657,2006,0.1,1.79E-08
658,2006,0.10975,1.77E-08
659,2006,0.1195,1.76E-08
660,2006,0.12925,1.74E-08
661,2006,0.139,1.72E-08
662,2006,0.14875,1.70E-08
663,2006,0.1585,1.68E-08
664,2006,0.16825,1.66E-08
665,2006,0.178,1.64E-08
666,2006,0.18775,1.61E-08
667,2006,0.1975,1.59E-08
668,2006,0.20725,1.57E-08
669,2006,0.217,1.55E-08
670,2006,0.22675,1.52E-08
671,2006,0.2365,1.50E-08
672,2006,0.24625,1.48E-08
673,2006,0.256,1.45E-08
674,2006,0.26575,1.43E-08
675,2006,0.2755,1.40E-08
676,2006,0.28525,1.37E-08
677,2006,0.295,1.35E-08
678,2006,0.30475,1.32E-08
679,2006,0.3145,1.30E-08
680,2006,0.32425,1.27E-08
681,2006,0.334,1.24E-08
682,2006,0.34375,1.21E-08
683,2006,0.3535,1.19E-08
684,2006,0.36325,1.16E-08
685,2006,0.373,1.13E-08
686,2006,0.38275,1.10E-08
687,2006,0.3925,1.08E-08
688,2006,0.40225,1.05E-08
689,2006,0.412,1.02E-08
690,2006,0.42175,9.92E-09
691,2006,0.4315,9.64E-09
692,2006,0.44125,9.36E-09
693,2006,0.451,9.08E-09
694,2006,0.46075,8.81E-09
695,2006,0.4705,8.54E-09
696,2006,0.48025,8.29E-09
697,2006,0.49,8.08E-09
698,2130.75,0.1,1.55E-08
699,2130.75,0.10975,1.54E-08
700,2130.75,0.1195,1.52E-08
701,2130.75,0.12925,1.50E-08
702,2130.75,0.139,1.48E-08
703,2130.75,0.14875,1.45E-08
704,2130.75,0.1585,1.43E-08
705,2130.75,0.16825,1.41E-08
706,2130.75,0.178,1.39E-08
707,2130.75,0.18775,1.37E-08
708,2130.75,0.1975,1.34E-08
709,2130.75,0.20725,1.32E-08
710,2130.75,0.217,1.29E-08
711,2130.75,0.22675,1.27E-08
712,2130.75,0.2365,1.25E-08
713,2130.75,0.24625,1.22E-08
714,2130.75,0.256,1.19E-08
715,2130.75,0.26575,1.17E-08
716,2130.75,0.2755,1.14E-08
717,2130.75,0.28525,1.11E-08
718,2130.75,0.295,1.08E-08
719,2130.75,0.30475,1.06E-08
720,2130.75,0.3145,1.03E-08
721,2130.75,0.32425,1.00E-08
722,2130.75,0.334,9.72E-09
723,2130.75,0.34375,9.43E-09
724,2130.75,0.3535,9.14E-09
725,2130.75,0.36325,8.85E-09
726,2130.75,0.373,8.55E-09
727,2130.75,0.38275,8.26E-09
728,2130.75,0.3925,7.96E-09
729,2130.75,0.40225,7.66E-09
730,2130.75,0.412,7.37E-09
731,2130.75,0.42175,7.08E-09
732,2130.75,0.4315,6.78E-09
733,2130.75,0.44125,6.48E-09
734,2130.75,0.451,6.18E-09
735,2130.75,0.46075,5.90E-09
736,2130.75,0.4705,5.62E-09
737,2130.75,0.48025,5.35E-09
738,2130.75,0.49,5.13E-09
739,2255.5,0.1,1.32E-08
740,2255.5,0.10975,1.30E-08
741,2255.5,0.1195,1.28E-08
742,2255.5,0.12925,1.26E-08
743,2255.5,0.139,1.23E-08
744,2255.5,0.14875,1.21E-08
745,2255.5,0.1585,1.19E-08
746,2255.5,0.16825,1.17E-08
747,2255.5,0.178,1.14E-08
748,2255.5,0.18775,1.12E-08
749,2255.5,0.1975,1.09E-08
750,2255.5,0.20725,1.07E-08
751,2255.5,0.217,1.04E-08
752,2255.5,0.22675,1.02E-08
753,2255.5,0.2365,9.91E-09
754,2255.5,0.24625,9.64E-09
755,2255.5,0.256,9.37E-09
756,2255.5,0.26575,9.08E-09
757,2255.5,0.2755,8.80E-09
758,2255.5,0.28525,8.52E-09
759,2255.5,0.295,8.22E-09
760,2255.5,0.30475,7.93E-09
761,2255.5,0.3145,7.63E-09
762,2255.5,0.32425,7.34E-09
763,2255.5,0.334,7.03E-09
764,2255.5,0.34375,6.73E-09
765,2255.5,0.3535,6.43E-09
766,2255.5,0.36325,6.12E-09
767,2255.5,0.373,5.82E-09
768,2255.5,0.38275,5.51E-09
769,2255.5,0.3925,5.19E-09
770,2255.5,0.40225,4.89E-09
771,2255.5,0.412,4.58E-09
772,2255.5,0.42175,4.28E-09
773,2255.5,0.4315,3.97E-09
774,2255.5,0.44125,3.66E-09
775,2255.5,0.451,3.35E-09
776,2255.5,0.46075,3.07E-09
777,2255.5,0.4705,2.78E-09
778,2255.5,0.48025,2.51E-09
779,2255.5,0.49,2.29E-09
780,2380.25,0.1,1.08E-08
781,2380.25,0.10975,1.06E-08
782,2380.25,0.1195,1.04E-08
783,2380.25,0.12925,1.02E-08
784,2380.25,0.139,9.94E-09
785,2380.25,0.14875,9.71E-09
786,2380.25,0.1585,9.47E-09
787,2380.25,0.16825,9.23E-09
788,2380.25,0.178,8.98E-09
789,2380.25,0.18775,8.73E-09
790,2380.25,0.1975,8.47E-09
791,2380.25,0.20725,8.21E-09
792,2380.25,0.217,7.94E-09
793,2380.25,0.22675,7.67E-09
794,2380.25,0.2365,7.39E-09
795,2380.25,0.24625,7.10E-09
796,2380.25,0.256,6.82E-09
797,2380.25,0.26575,6.53E-09
798,2380.25,0.2755,6.24E-09
799,2380.25,0.28525,5.94E-09
800,2380.25,0.295,5.63E-09
801,2380.25,0.30475,5.33E-09
802,2380.25,0.3145,5.02E-09
803,2380.25,0.32425,4.72E-09
804,2380.25,0.334,4.41E-09
805,2380.25,0.34375,4.10E-09
806,2380.25,0.3535,3.79E-09
807,2380.25,0.36325,3.49E-09
808,2380.25,0.373,3.18E-09
809,2380.25,0.38275,2.88E-09
810,2380.25,0.3925,2.58E-09
811,2380.25,0.40225,2.29E-09
812,2380.25,0.412,2.02E-09
813,2380.25,0.42175,1.77E-09
814,2380.25,0.4315,1.54E-09
815,2380.25,0.44125,1.35E-09
816,2380.25,0.451,1.23E-09
817,2380.25,0.46075,1.18E-09
818,2380.25,0.4705,1.22E-09
819,2380.25,0.48025,1.33E-09
820,2380.25,0.49,1.47E-09
821,2505,0.1,8.45E-09
822,2505,0.10975,8.24E-09
823,2505,0.1195,8.01E-09
824,2505,0.12925,7.79E-09
825,2505,0.139,7.55E-09
826,2505,0.14875,7.31E-09
827,2505,0.1585,7.07E-09
828,2505,0.16825,6.81E-09
829,2505,0.178,6.56E-09
830,2505,0.18775,6.29E-09
831,2505,0.1975,6.02E-09
832,2505,0.20725,5.75E-09
833,2505,0.217,5.48E-09
834,2505,0.22675,5.20E-09
835,2505,0.2365,4.92E-09
836,2505,0.24625,4.62E-09
837,2505,0.256,4.34E-09
838,2505,0.26575,4.04E-09
839,2505,0.2755,3.75E-09
840,2505,0.28525,3.46E-09
841,2505,0.295,3.16E-09
842,2505,0.30475,2.87E-09
843,2505,0.3145,2.59E-09
844,2505,0.32425,2.32E-09
845,2505,0.334,2.07E-09
846,2505,0.34375,1.83E-09
847,2505,0.3535,1.64E-09
848,2505,0.36325,1.50E-09
849,2505,0.373,1.43E-09
850,2505,0.38275,1.44E-09
851,2505,0.3925,1.53E-09
852,2505,0.40225,1.69E-09
853,2505,0.412,1.90E-09
854,2505,0.42175,2.14E-09
855,2505,0.4315,2.41E-09
856,2505,0.44125,2.70E-09
857,2505,0.451,2.99E-09
858,2505,0.46075,3.29E-09
859,2505,0.4705,3.59E-09
860,2505,0.48025,3.88E-09
861,2505,0.49,4.12E-09
862,2629.75,0.1,6.13E-09
863,2629.75,0.10975,5.90E-09
864,2629.75,0.1195,5.67E-09
865,2629.75,0.12925,5.44E-09
866,2629.75,0.139,5.20E-09
867,2629.75,0.14875,4.95E-09
868,2629.75,0.1585,4.71E-09
869,2629.75,0.16825,4.45E-09
870,2629.75,0.178,4.19E-09
871,2629.75,0.18775,3.93E-09
872,2629.75,0.1975,3.67E-09
873,2629.75,0.20725,3.40E-09
874,2629.75,0.217,3.14E-09
875,2629.75,0.22675,2.88E-09
876,2629.75,0.2365,2.62E-09
877,2629.75,0.24625,2.37E-09
878,2629.75,0.256,2.14E-09
879,2629.75,0.26575,1.93E-09
880,2629.75,0.2755,1.75E-09
881,2629.75,0.28525,1.62E-09
882,2629.75,0.295,1.55E-09
883,2629.75,0.30475,1.56E-09
884,2629.75,0.3145,1.64E-09
885,2629.75,0.32425,1.79E-09
886,2629.75,0.334,1.99E-09
887,2629.75,0.34375,2.23E-09
888,2629.75,0.3535,2.49E-09
889,2629.75,0.36325,2.79E-09
890,2629.75,0.373,3.09E-09
891,2629.75,0.38275,3.41E-09
892,2629.75,0.3925,3.75E-09
893,2629.75,0.40225,4.08E-09
894,2629.75,0.412,4.42E-09
895,2629.75,0.42175,4.76E-09
896,2629.75,0.4315,5.11E-09
897,2629.75,0.44125,5.45E-09
898,2629.75,0.451,5.80E-09
899,2629.75,0.46075,6.14E-09
900,2629.75,0.4705,6.47E-09
901,2629.75,0.48025,6.79E-09
902,2629.75,0.49,7.06E-09
903,2754.5,0.1,3.87E-09
904,2754.5,0.10975,3.65E-09
905,2754.5,0.1195,3.43E-09
906,2754.5,0.12925,3.20E-09
907,2754.5,0.139,2.98E-09
908,2754.5,0.14875,2.75E-09
909,2754.5,0.1585,2.53E-09
910,2754.5,0.16825,2.32E-09
911,2754.5,0.178,2.12E-09
912,2754.5,0.18775,1.93E-09
913,2754.5,0.1975,1.78E-09
914,2754.5,0.20725,1.67E-09
915,2754.5,0.217,1.60E-09
916,2754.5,0.22675,1.60E-09
917,2754.5,0.2365,1.66E-09
918,2754.5,0.24625,1.79E-09
919,2754.5,0.256,1.96E-09
920,2754.5,0.26575,2.18E-09
921,2754.5,0.2755,2.42E-09
922,2754.5,0.28525,2.70E-09
923,2754.5,0.295,3.00E-09
924,2754.5,0.30475,3.31E-09
925,2754.5,0.3145,3.63E-09
926,2754.5,0.32425,3.96E-09
927,2754.5,0.334,4.30E-09
928,2754.5,0.34375,4.65E-09
929,2754.5,0.3535,5.00E-09
930,2754.5,0.36325,5.36E-09
931,2754.5,0.373,5.72E-09
932,2754.5,0.38275,6.09E-09
933,2754.5,0.3925,6.46E-09
934,2754.5,0.40225,6.83E-09
935,2754.5,0.412,7.20E-09
936,2754.5,0.42175,7.57E-09
937,2754.5,0.4315,7.95E-09
938,2754.5,0.44125,8.32E-09
939,2754.5,0.451,8.69E-09
940,2754.5,0.46075,9.05E-09
941,2754.5,0.4705,9.41E-09
942,2754.5,0.48025,9.74E-09
943,2754.5,0.49,1.00E-08
944,2879.25,0.1,1.93E-09
945,2879.25,0.10975,1.80E-09
946,2879.25,0.1195,1.69E-09
947,2879.25,0.12925,1.61E-09
948,2879.25,0.139,1.58E-09
949,2879.25,0.14875,1.59E-09
950,2879.25,0.1585,1.65E-09
951,2879.25,0.16825,1.77E-09
952,2879.25,0.178,1.92E-09
953,2879.25,0.18775,2.12E-09
954,2879.25,0.1975,2.34E-09
955,2879.25,0.20725,2.59E-09
956,2879.25,0.217,2.85E-09
957,2879.25,0.22675,3.14E-09
958,2879.25,0.2365,3.43E-09
959,2879.25,0.24625,3.75E-09
960,2879.25,0.256,4.07E-09
961,2879.25,0.26575,4.40E-09
962,2879.25,0.2755,4.74E-09
963,2879.25,0.28525,5.09E-09
964,2879.25,0.295,5.45E-09
965,2879.25,0.30475,5.81E-09
966,2879.25,0.3145,6.18E-09
967,2879.25,0.32425,6.55E-09
968,2879.25,0.334,6.93E-09
969,2879.25,0.34375,7.31E-09
970,2879.25,0.3535,7.68E-09
971,2879.25,0.36325,8.07E-09
972,2879.25,0.373,8.46E-09
973,2879.25,0.38275,8.85E-09
974,2879.25,0.3925,9.25E-09
975,2879.25,0.40225,9.64E-09
976,2879.25,0.412,1.00E-08
977,2879.25,0.42175,1.04E-08
978,2879.25,0.4315,1.08E-08
979,2879.25,0.44125,1.12E-08
980,2879.25,0.451,1.16E-08
981,2879.25,0.46075,1.20E-08
982,2879.25,0.4705,1.24E-08
983,2879.25,0.48025,1.27E-08
984,2879.25,0.49,1.30E-08
985,3004,0.1,1.97E-09
986,3004,0.10975,2.15E-09
987,3004,0.1195,2.36E-09
988,3004,0.12925,2.58E-09
989,3004,0.139,2.82E-09
990,3004,0.14875,3.07E-09
991,3004,0.1585,3.33E-09
992,3004,0.16825,3.61E-09
993,3004,0.178,3.90E-09
994,3004,0.18775,4.20E-09
995,3004,0.1975,4.51E-09
996,3004,0.20725,4.83E-09
997,3004,0.217,5.16E-09
998,3004,0.22675,5.49E-09
999,3004,0.2365,5.83E-09
1000,3004,0.24625,6.19E-09
1001,3004,0.256,6.54E-09
1002,3004,0.26575,6.91E-09
1003,3004,0.2755,7.27E-09
1004,3004,0.28525,7.65E-09
1005,3004,0.295,8.04E-09
1006,3004,0.30475,8.42E-09
1007,3004,0.3145,8.81E-09
1008,3004,0.32425,9.21E-09
1009,3004,0.334,9.61E-09
1010,3004,0.34375,1.00E-08
1011,3004,0.3535,1.04E-08
1012,3004,0.36325,1.08E-08
1013,3004,0.373,1.12E-08
1014,3004,0.38275,1.16E-08
1015,3004,0.3925,1.21E-08
1016,3004,0.40225,1.25E-08
1017,3004,0.412,1.29E-08
1018,3004,0.42175,1.33E-08
1019,3004,0.4315,1.37E-08
1020,3004,0.44125,1.41E-08
1021,3004,0.451,1.45E-08
1022,3004,0.46075,1.49E-08
1023,3004,0.4705,1.53E-08
1024,3004,0.48025,1.57E-08
1025,3004,0.49,1.60E-08
1026,3128.75,0.1,3.93E-09
1027,3128.75,0.10975,4.18E-09
1028,3128.75,0.1195,4.45E-09
1029,3128.75,0.12925,4.73E-09
1030,3128.75,0.139,5.02E-09
1031,3128.75,0.14875,5.31E-09
1032,3128.75,0.1585,5.61E-09
1033,3128.75,0.16825,5.93E-09
1034,3128.75,0.178,6.25E-09
1035,3128.75,0.18775,6.58E-09
1036,3128.75,0.1975,6.92E-09
1037,3128.75,0.20725,7.26E-09
1038,3128.75,0.217,7.61E-09
1039,3128.75,0.22675,7.97E-09
1040,3128.75,0.2365,8.33E-09
1041,3128.75,0.24625,8.71E-09
1042,3128.75,0.256,9.08E-09
1043,3128.75,0.26575,9.47E-09
1044,3128.75,0.2755,9.86E-09
1045,3128.75,0.28525,1.03E-08
1046,3128.75,0.295,1.07E-08
1047,3128.75,0.30475,1.11E-08
1048,3128.75,0.3145,1.15E-08
1049,3128.75,0.32425,1.19E-08
1050,3128.75,0.334,1.23E-08
1051,3128.75,0.34375,1.27E-08
1052,3128.75,0.3535,1.31E-08
1053,3128.75,0.36325,1.36E-08
1054,3128.75,0.373,1.40E-08
1055,3128.75,0.38275,1.44E-08
1056,3128.75,0.3925,1.49E-08
1057,3128.75,0.40225,1.53E-08
1058,3128.75,0.412,1.57E-08
1059,3128.75,0.42175,1.62E-08
1060,3128.75,0.4315,1.66E-08
1061,3128.75,0.44125,1.70E-08
1062,3128.75,0.451,1.75E-08
1063,3128.75,0.46075,1.79E-08
1064,3128.75,0.4705,1.83E-08
1065,3128.75,0.48025,1.87E-08
1066,3128.75,0.49,1.90E-08
1067,3253.5,0.1,6.19E-09
1068,3253.5,0.10975,6.47E-09
1069,3253.5,0.1195,6.76E-09
1070,3253.5,0.12925,7.06E-09
1071,3253.5,0.139,7.36E-09
1072,3253.5,0.14875,7.68E-09
1073,3253.5,0.1585,8.00E-09
1074,3253.5,0.16825,8.33E-09
1075,3253.5,0.178,8.67E-09
1076,3253.5,0.18775,9.02E-09
1077,3253.5,0.1975,9.37E-09
1078,3253.5,0.20725,9.74E-09
1079,3253.5,0.217,1.01E-08
1080,3253.5,0.22675,1.05E-08
1081,3253.5,0.2365,1.09E-08
1082,3253.5,0.24625,1.13E-08
1083,3253.5,0.256,1.16E-08
1084,3253.5,0.26575,1.21E-08
1085,3253.5,0.2755,1.25E-08
1086,3253.5,0.28525,1.29E-08
1087,3253.5,0.295,1.33E-08
1088,3253.5,0.30475,1.37E-08
1089,3253.5,0.3145,1.41E-08
1090,3253.5,0.32425,1.46E-08
1091,3253.5,0.334,1.50E-08
1092,3253.5,0.34375,1.55E-08
1093,3253.5,0.3535,1.59E-08
1094,3253.5,0.36325,1.63E-08
1095,3253.5,0.373,1.68E-08
1096,3253.5,0.38275,1.72E-08
1097,3253.5,0.3925,1.77E-08
1098,3253.5,0.40225,1.81E-08
1099,3253.5,0.412,1.86E-08
1100,3253.5,0.42175,1.90E-08
1101,3253.5,0.4315,1.95E-08
1102,3253.5,0.44125,1.99E-08
1103,3253.5,0.451,2.04E-08
1104,3253.5,0.46075,2.08E-08
1105,3253.5,0.4705,2.12E-08
1106,3253.5,0.48025,2.16E-08
1107,3253.5,0.49,2.20E-08
1108,3378.25,0.1,8.52E-09
1109,3378.25,0.10975,8.81E-09
1110,3378.25,0.1195,9.12E-09
1111,3378.25,0.12925,9.43E-09
1112,3378.25,0.139,9.75E-09
1113,3378.25,0.14875,1.01E-08
1114,3378.25,0.1585,1.04E-08
1115,3378.25,0.16825,1.08E-08
1116,3378.25,0.178,1.11E-08
1117,3378.25,0.18775,1.15E-08
1118,3378.25,0.1975,1.19E-08
1119,3378.25,0.20725,1.22E-08
1120,3378.25,0.217,1.26E-08
1121,3378.25,0.22675,1.30E-08
1122,3378.25,0.2365,1.34E-08
1123,3378.25,0.24625,1.38E-08
1124,3378.25,0.256,1.42E-08
1125,3378.25,0.26575,1.46E-08
1126,3378.25,0.2755,1.51E-08
1127,3378.25,0.28525,1.55E-08
1128,3378.25,0.295,1.59E-08
1129,3378.25,0.30475,1.64E-08
1130,3378.25,0.3145,1.68E-08
1131,3378.25,0.32425,1.73E-08
1132,3378.25,0.334,1.77E-08
1133,3378.25,0.34375,1.82E-08
1134,3378.25,0.3535,1.86E-08
1135,3378.25,0.36325,1.91E-08
1136,3378.25,0.373,1.96E-08
1137,3378.25,0.38275,2.00E-08
1138,3378.25,0.3925,2.05E-08
1139,3378.25,0.40225,2.10E-08
1140,3378.25,0.412,2.14E-08
1141,3378.25,0.42175,2.19E-08
1142,3378.25,0.4315,2.24E-08
1143,3378.25,0.44125,2.28E-08
1144,3378.25,0.451,2.33E-08
1145,3378.25,0.46075,2.38E-08
1146,3378.25,0.4705,2.42E-08
1147,3378.25,0.48025,2.46E-08
1148,3378.25,0.49,2.50E-08
1149,3503,0.1,1.09E-08
1150,3503,0.10975,1.12E-08
1151,3503,0.1195,1.15E-08
1152,3503,0.12925,1.18E-08
1153,3503,0.139,1.22E-08
1154,3503,0.14875,1.25E-08
1155,3503,0.1585,1.28E-08
1156,3503,0.16825,1.32E-08
1157,3503,0.178,1.36E-08
1158,3503,0.18775,1.40E-08
1159,3503,0.1975,1.43E-08
1160,3503,0.20725,1.47E-08
1161,3503,0.217,1.51E-08
1162,3503,0.22675,1.55E-08
1163,3503,0.2365,1.60E-08
1164,3503,0.24625,1.64E-08
1165,3503,0.256,1.68E-08
1166,3503,0.26575,1.72E-08
1167,3503,0.2755,1.77E-08
1168,3503,0.28525,1.81E-08
1169,3503,0.295,1.86E-08
1170,3503,0.30475,1.91E-08
1171,3503,0.3145,1.95E-08
1172,3503,0.32425,2.00E-08
1173,3503,0.334,2.05E-08
1174,3503,0.34375,2.09E-08
1175,3503,0.3535,2.14E-08
1176,3503,0.36325,2.19E-08
1177,3503,0.373,2.24E-08
1178,3503,0.38275,2.28E-08
1179,3503,0.3925,2.33E-08
1180,3503,0.40225,2.38E-08
1181,3503,0.412,2.43E-08
1182,3503,0.42175,2.48E-08
1183,3503,0.4315,2.53E-08
1184,3503,0.44125,2.58E-08
1185,3503,0.451,2.62E-08
1186,3503,0.46075,2.67E-08
1187,3503,0.4705,2.72E-08
1188,3503,0.48025,2.76E-08
1189,3503,0.49,2.80E-08
1190,3627.75,0.1,1.32E-08
1191,3627.75,0.10975,1.36E-08
1192,3627.75,0.1195,1.39E-08
1193,3627.75,0.12925,1.42E-08
1194,3627.75,0.139,1.46E-08
1195,3627.75,0.14875,1.49E-08
1196,3627.75,0.1585,1.53E-08
1197,3627.75,0.16825,1.57E-08
1198,3627.75,0.178,1.60E-08
1199,3627.75,0.18775,1.64E-08
1200,3627.75,0.1975,1.68E-08
1201,3627.75,0.20725,1.72E-08
1202,3627.75,0.217,1.77E-08
1203,3627.75,0.22675,1.81E-08
1204,3627.75,0.2365,1.85E-08
1205,3627.75,0.24625,1.90E-08
1206,3627.75,0.256,1.94E-08
1207,3627.75,0.26575,1.98E-08
1208,3627.75,0.2755,2.03E-08
1209,3627.75,0.28525,2.08E-08
1210,3627.75,0.295,2.12E-08
1211,3627.75,0.30475,2.17E-08
1212,3627.75,0.3145,2.22E-08
1213,3627.75,0.32425,2.27E-08
1214,3627.75,0.334,2.32E-08
1215,3627.75,0.34375,2.37E-08
1216,3627.75,0.3535,2.42E-08
1217,3627.75,0.36325,2.46E-08
1218,3627.75,0.373,2.51E-08
1219,3627.75,0.38275,2.57E-08
1220,3627.75,0.3925,2.62E-08
1221,3627.75,0.40225,2.67E-08
1222,3627.75,0.412,2.72E-08
1223,3627.75,0.42175,2.77E-08
1224,3627.75,0.4315,2.82E-08
1225,3627.75,0.44125,2.87E-08
1226,3627.75,0.451,2.92E-08
1227,3627.75,0.46075,2.97E-08
1228,3627.75,0.4705,3.01E-08
1229,3627.75,0.48025,3.06E-08
1230,3627.75,0.49,3.10E-08
1231,3752.5,0.1,1.56E-08
1232,3752.5,0.10975,1.59E-08
1233,3752.5,0.1195,1.63E-08
1234,3752.5,0.12925,1.66E-08
1235,3752.5,0.139,1.70E-08
1236,3752.5,0.14875,1.74E-08
1237,3752.5,0.1585,1.77E-08
1238,3752.5,0.16825,1.81E-08
1239,3752.5,0.178,1.85E-08
1240,3752.5,0.18775,1.89E-08
1241,3752.5,0.1975,1.93E-08
1242,3752.5,0.20725,1.98E-08
1243,3752.5,0.217,2.02E-08
1244,3752.5,0.22675,2.06E-08
1245,3752.5,0.2365,2.11E-08
1246,3752.5,0.24625,2.15E-08
1247,3752.5,0.256,2.20E-08
1248,3752.5,0.26575,2.25E-08
1249,3752.5,0.2755,2.29E-08
1250,3752.5,0.28525,2.34E-08
1251,3752.5,0.295,2.39E-08
1252,3752.5,0.30475,2.44E-08
1253,3752.5,0.3145,2.49E-08
1254,3752.5,0.32425,2.54E-08
1255,3752.5,0.334,2.59E-08
1256,3752.5,0.34375,2.64E-08
1257,3752.5,0.3535,2.69E-08
1258,3752.5,0.36325,2.74E-08
1259,3752.5,0.373,2.79E-08
1260,3752.5,0.38275,2.85E-08
1261,3752.5,0.3925,2.90E-08
1262,3752.5,0.40225,2.95E-08
1263,3752.5,0.412,3.00E-08
1264,3752.5,0.42175,3.05E-08
1265,3752.5,0.4315,3.11E-08
1266,3752.5,0.44125,3.16E-08
1267,3752.5,0.451,3.21E-08
1268,3752.5,0.46075,3.26E-08
1269,3752.5,0.4705,3.31E-08
1270,3752.5,0.48025,3.35E-08
1271,3752.5,0.49,3.40E-08
1272,3877.25,0.1,1.80E-08
1273,3877.25,0.10975,1.83E-08
1274,3877.25,0.1195,1.87E-08
1275,3877.25,0.12925,1.90E-08
1276,3877.25,0.139,1.94E-08
1277,3877.25,0.14875,1.98E-08
1278,3877.25,0.1585,2.02E-08
1279,3877.25,0.16825,2.06E-08
1280,3877.25,0.178,2.10E-08
1281,3877.25,0.18775,2.14E-08
1282,3877.25,0.1975,2.18E-08
1283,3877.25,0.20725,2.23E-08
1284,3877.25,0.217,2.27E-08
1285,3877.25,0.22675,2.32E-08
1286,3877.25,0.2365,2.36E-08
1287,3877.25,0.24625,2.41E-08
1288,3877.25,0.256,2.46E-08
1289,3877.25,0.26575,2.51E-08
1290,3877.25,0.2755,2.55E-08
1291,3877.25,0.28525,2.60E-08
1292,3877.25,0.295,2.66E-08
1293,3877.25,0.30475,2.71E-08
1294,3877.25,0.3145,2.76E-08
1295,3877.25,0.32425,2.81E-08
1296,3877.25,0.334,2.86E-08
1297,3877.25,0.34375,2.91E-08
1298,3877.25,0.3535,2.97E-08
1299,3877.25,0.36325,3.02E-08
1300,3877.25,0.373,3.07E-08
1301,3877.25,0.38275,3.13E-08
1302,3877.25,0.3925,3.18E-08
1303,3877.25,0.40225,3.24E-08
1304,3877.25,0.412,3.29E-08
1305,3877.25,0.42175,3.34E-08
1306,3877.25,0.4315,3.40E-08
1307,3877.25,0.44125,3.45E-08
1308,3877.25,0.451,3.50E-08
1309,3877.25,0.46075,3.55E-08
1310,3877.25,0.4705,3.60E-08
1311,3877.25,0.48025,3.65E-08
1312,3877.25,0.49,3.69E-08
1313,4002,0.1,2.04E-08
1314,4002,0.10975,2.07E-08
1315,4002,0.1195,2.11E-08
1316,4002,0.12925,2.14E-08
1317,4002,0.139,2.18E-08
1318,4002,0.14875,2.22E-08
1319,4002,0.1585,2.26E-08
1320,4002,0.16825,2.30E-08
1321,4002,0.178,2.35E-08
1322,4002,0.18775,2.39E-08
1323,4002,0.1975,2.43E-08
1324,4002,0.20725,2.48E-08
1325,4002,0.217,2.52E-08
1326,4002,0.22675,2.57E-08
1327,4002,0.2365,2.62E-08
1328,4002,0.24625,2.67E-08
1329,4002,0.256,2.72E-08
1330,4002,0.26575,2.77E-08
1331,4002,0.2755,2.82E-08
1332,4002,0.28525,2.87E-08
1333,4002,0.295,2.92E-08
1334,4002,0.30475,2.97E-08
1335,4002,0.3145,3.03E-08
1336,4002,0.32425,3.08E-08
1337,4002,0.334,3.13E-08
1338,4002,0.34375,3.19E-08
1339,4002,0.3535,3.24E-08
1340,4002,0.36325,3.30E-08
1341,4002,0.373,3.35E-08
1342,4002,0.38275,3.41E-08
1343,4002,0.3925,3.46E-08
1344,4002,0.40225,3.52E-08
1345,4002,0.412,3.57E-08
1346,4002,0.42175,3.63E-08
1347,4002,0.4315,3.69E-08
1348,4002,0.44125,3.74E-08
1349,4002,0.451,3.80E-08
1350,4002,0.46075,3.85E-08
1351,4002,0.4705,3.90E-08
1352,4002,0.48025,3.95E-08
1353,4002,0.49,3.99E-08
1354,4126.75,0.1,2.27E-08
1355,4126.75,0.10975,2.31E-08
1356,4126.75,0.1195,2.35E-08
1357,4126.75,0.12925,2.39E-08
1358,4126.75,0.139,2.43E-08
1359,4126.75,0.14875,2.47E-08
1360,4126.75,0.1585,2.51E-08
1361,4126.75,0.16825,2.55E-08
1362,4126.75,0.178,2.59E-08
1363,4126.75,0.18775,2.64E-08
1364,4126.75,0.1975,2.68E-08
1365,4126.75,0.20725,2.73E-08
1366,4126.75,0.217,2.78E-08
1367,4126.75,0.22675,2.83E-08
1368,4126.75,0.2365,2.87E-08
1369,4126.75,0.24625,2.93E-08
1370,4126.75,0.256,2.98E-08
1371,4126.75,0.26575,3.03E-08
1372,4126.75,0.2755,3.08E-08
1373,4126.75,0.28525,3.13E-08
1374,4126.75,0.295,3.19E-08
1375,4126.75,0.30475,3.24E-08
1376,4126.75,0.3145,3.30E-08
1377,4126.75,0.32425,3.35E-08
1378,4126.75,0.334,3.41E-08
1379,4126.75,0.34375,3.46E-08
1380,4126.75,0.3535,3.52E-08
1381,4126.75,0.36325,3.57E-08
1382,4126.75,0.373,3.63E-08
1383,4126.75,0.38275,3.69E-08
1384,4126.75,0.3925,3.75E-08
1385,4126.75,0.40225,3.80E-08
1386,4126.75,0.412,3.86E-08
1387,4126.75,0.42175,3.92E-08
1388,4126.75,0.4315,3.98E-08
1389,4126.75,0.44125,4.03E-08
1390,4126.75,0.451,4.09E-08
1391,4126.75,0.46075,4.14E-08
1392,4126.75,0.4705,4.20E-08
1393,4126.75,0.48025,4.25E-08
1394,4126.75,0.49,4.29E-08
1395,4251.5,0.1,2.51E-08
1396,4251.5,0.10975,2.55E-08
1397,4251.5,0.1195,2.59E-08
1398,4251.5,0.12925,2.63E-08
1399,4251.5,0.139,2.67E-08
1400,4251.5,0.14875,2.71E-08
1401,4251.5,0.1585,2.75E-08
1402,4251.5,0.16825,2.80E-08
1403,4251.5,0.178,2.84E-08
1404,4251.5,0.18775,2.89E-08
1405,4251.5,0.1975,2.93E-08
1406,4251.5,0.20725,2.98E-08
1407,4251.5,0.217,3.03E-08
1408,4251.5,0.22675,3.08E-08
1409,4251.5,0.2365,3.13E-08
1410,4251.5,0.24625,3.18E-08
1411,4251.5,0.256,3.23E-08
1412,4251.5,0.26575,3.29E-08
1413,4251.5,0.2755,3.34E-08
1414,4251.5,0.28525,3.40E-08
1415,4251.5,0.295,3.45E-08
1416,4251.5,0.30475,3.51E-08
1417,4251.5,0.3145,3.56E-08
1418,4251.5,0.32425,3.62E-08
1419,4251.5,0.334,3.68E-08
1420,4251.5,0.34375,3.74E-08
1421,4251.5,0.3535,3.79E-08
1422,4251.5,0.36325,3.85E-08
1423,4251.5,0.373,3.91E-08
1424,4251.5,0.38275,3.97E-08
1425,4251.5,0.3925,4.03E-08
1426,4251.5,0.40225,4.09E-08
1427,4251.5,0.412,4.15E-08
1428,4251.5,0.42175,4.21E-08
1429,4251.5,0.4315,4.27E-08
1430,4251.5,0.44125,4.32E-08
1431,4251.5,0.451,4.38E-08
1432,4251.5,0.46075,4.44E-08
1433,4251.5,0.4705,4.49E-08
1434,4251.5,0.48025,4.54E-08
1435,4251.5,0.49,4.59E-08
1436,4376.25,0.1,2.75E-08
1437,4376.25,0.10975,2.79E-08
1438,4376.25,0.1195,2.83E-08
1439,4376.25,0.12925,2.87E-08
1440,4376.25,0.139,2.91E-08
1441,4376.25,0.14875,2.95E-08
1442,4376.25,0.1585,3.00E-08
1443,4376.25,0.16825,3.04E-08
1444,4376.25,0.178,3.09E-08
1445,4376.25,0.18775,3.14E-08
1446,4376.25,0.1975,3.18E-08
1447,4376.25,0.20725,3.23E-08
1448,4376.25,0.217,3.28E-08
1449,4376.25,0.22675,3.34E-08
1450,4376.25,0.2365,3.39E-08
1451,4376.25,0.24625,3.44E-08
1452,4376.25,0.256,3.49E-08
1453,4376.25,0.26575,3.55E-08
1454,4376.25,0.2755,3.60E-08
1455,4376.25,0.28525,3.66E-08
1456,4376.25,0.295,3.72E-08
1457,4376.25,0.30475,3.78E-08
1458,4376.25,0.3145,3.83E-08
1459,4376.25,0.32425,3.89E-08
1460,4376.25,0.334,3.95E-08
1461,4376.25,0.34375,4.01E-08
1462,4376.25,0.3535,4.07E-08
1463,4376.25,0.36325,4.13E-08
1464,4376.25,0.373,4.19E-08
1465,4376.25,0.38275,4.25E-08
1466,4376.25,0.3925,4.31E-08
1467,4376.25,0.40225,4.37E-08
1468,4376.25,0.412,4.43E-08
1469,4376.25,0.42175,4.49E-08
1470,4376.25,0.4315,4.56E-08
1471,4376.25,0.44125,4.62E-08
1472,4376.25,0.451,4.68E-08
1473,4376.25,0.46075,4.73E-08
1474,4376.25,0.4705,4.79E-08
1475,4376.25,0.48025,4.84E-08
1476,4376.25,0.49,4.89E-08
1477,4501,0.1,2.99E-08
1478,4501,0.10975,3.03E-08
1479,4501,0.1195,3.07E-08
1480,4501,0.12925,3.11E-08
1481,4501,0.139,3.15E-08
1482,4501,0.14875,3.20E-08
1483,4501,0.1585,3.24E-08
1484,4501,0.16825,3.29E-08
1485,4501,0.178,3.34E-08
1486,4501,0.18775,3.39E-08
1487,4501,0.1975,3.44E-08
1488,4501,0.20725,3.49E-08
1489,4501,0.217,3.54E-08
1490,4501,0.22675,3.59E-08
1491,4501,0.2365,3.64E-08
1492,4501,0.24625,3.70E-08
1493,4501,0.256,3.75E-08
1494,4501,0.26575,3.81E-08
1495,4501,0.2755,3.87E-08
1496,4501,0.28525,3.92E-08
1497,4501,0.295,3.98E-08
1498,4501,0.30475,4.04E-08
1499,4501,0.3145,4.10E-08
1500,4501,0.32425,4.16E-08
1501,4501,0.334,4.22E-08
1502,4501,0.34375,4.28E-08
1503,4501,0.3535,4.35E-08
1504,4501,0.36325,4.41E-08
1505,4501,0.373,4.47E-08
1506,4501,0.38275,4.53E-08
1507,4501,0.3925,4.60E-08
1508,4501,0.40225,4.66E-08
1509,4501,0.412,4.72E-08
1510,4501,0.42175,4.78E-08
1511,4501,0.4315,4.85E-08
1512,4501,0.44125,4.91E-08
1513,4501,0.451,4.97E-08
1514,4501,0.46075,5.03E-08
1515,4501,0.4705,5.08E-08
1516,4501,0.48025,5.14E-08
1517,4501,0.49,5.19E-08
1518,4625.75,0.1,3.22E-08
1519,4625.75,0.10975,3.27E-08
1520,4625.75,0.1195,3.31E-08
1521,4625.75,0.12925,3.35E-08
1522,4625.75,0.139,3.40E-08
1523,4625.75,0.14875,3.44E-08
1524,4625.75,0.1585,3.49E-08
1525,4625.75,0.16825,3.54E-08
1526,4625.75,0.178,3.58E-08
1527,4625.75,0.18775,3.63E-08
1528,4625.75,0.1975,3.69E-08
1529,4625.75,0.20725,3.74E-08
1530,4625.75,0.217,3.79E-08
1531,4625.75,0.22675,3.84E-08
1532,4625.75,0.2365,3.90E-08
1533,4625.75,0.24625,3.96E-08
1534,4625.75,0.256,4.01E-08
1535,4625.75,0.26575,4.07E-08
1536,4625.75,0.2755,4.13E-08
1537,4625.75,0.28525,4.19E-08
1538,4625.75,0.295,4.25E-08
1539,4625.75,0.30475,4.31E-08
1540,4625.75,0.3145,4.37E-08
1541,4625.75,0.32425,4.43E-08
1542,4625.75,0.334,4.50E-08
1543,4625.75,0.34375,4.56E-08
1544,4625.75,0.3535,4.62E-08
1545,4625.75,0.36325,4.69E-08
1546,4625.75,0.373,4.75E-08
1547,4625.75,0.38275,4.81E-08
1548,4625.75,0.3925,4.88E-08
1549,4625.75,0.40225,4.94E-08
1550,4625.75,0.412,5.01E-08
1551,4625.75,0.42175,5.07E-08
1552,4625.75,0.4315,5.14E-08
1553,4625.75,0.44125,5.20E-08
1554,4625.75,0.451,5.26E-08
1555,4625.75,0.46075,5.32E-08
1556,4625.75,0.4705,5.38E-08
1557,4625.75,0.48025,5.44E-08
1558,4625.75,0.49,5.49E-08
1559,4750.5,0.1,3.46E-08
1560,4750.5,0.10975,3.50E-08
1561,4750.5,0.1195,3.55E-08
1562,4750.5,0.12925,3.59E-08
1563,4750.5,0.139,3.64E-08
1564,4750.5,0.14875,3.69E-08
1565,4750.5,0.1585,3.73E-08
1566,4750.5,0.16825,3.78E-08
1567,4750.5,0.178,3.83E-08
1568,4750.5,0.18775,3.88E-08
1569,4750.5,0.1975,3.94E-08
1570,4750.5,0.20725,3.99E-08
1571,4750.5,0.217,4.04E-08
1572,4750.5,0.22675,4.10E-08
1573,4750.5,0.2365,4.16E-08
1574,4750.5,0.24625,4.21E-08
1575,4750.5,0.256,4.27E-08
1576,4750.5,0.26575,4.33E-08
1577,4750.5,0.2755,4.39E-08
1578,4750.5,0.28525,4.45E-08
1579,4750.5,0.295,4.52E-08
1580,4750.5,0.30475,4.58E-08
1581,4750.5,0.3145,4.64E-08
1582,4750.5,0.32425,4.70E-08
1583,4750.5,0.334,4.77E-08
1584,4750.5,0.34375,4.83E-08
1585,4750.5,0.3535,4.90E-08
1586,4750.5,0.36325,4.96E-08
1587,4750.5,0.373,5.03E-08
1588,4750.5,0.38275,5.09E-08
1589,4750.5,0.3925,5.16E-08
1590,4750.5,0.40225,5.23E-08
1591,4750.5,0.412,5.29E-08
1592,4750.5,0.42175,5.36E-08
1593,4750.5,0.4315,5.42E-08
1594,4750.5,0.44125,5.49E-08
1595,4750.5,0.451,5.56E-08
1596,4750.5,0.46075,5.62E-08
1597,4750.5,0.4705,5.68E-08
1598,4750.5,0.48025,5.73E-08
1599,4750.5,0.49,5.79E-08
1600,4875.25,0.1,3.70E-08
1601,4875.25,0.10975,3.74E-08
1602,4875.25,0.1195,3.79E-08
1603,4875.25,0.12925,3.83E-08
1604,4875.25,0.139,3.88E-08
1605,4875.25,0.14875,3.93E-08
1606,4875.25,0.1585,3.98E-08
1607,4875.25,0.16825,4.03E-08
1608,4875.25,0.178,4.08E-08
1609,4875.25,0.18775,4.13E-08
1610,4875.25,0.1975,4.19E-08
1611,4875.25,0.20725,4.24E-08
1612,4875.25,0.217,4.30E-08
1613,4875.25,0.22675,4.35E-08
1614,4875.25,0.2365,4.41E-08
1615,4875.25,0.24625,4.47E-08
1616,4875.25,0.256,4.53E-08
1617,4875.25,0.26575,4.59E-08
1618,4875.25,0.2755,4.65E-08
1619,4875.25,0.28525,4.72E-08
1620,4875.25,0.295,4.78E-08
1621,4875.25,0.30475,4.85E-08
1622,4875.25,0.3145,4.91E-08
1623,4875.25,0.32425,4.98E-08
1624,4875.25,0.334,5.04E-08
1625,4875.25,0.34375,5.11E-08
1626,4875.25,0.3535,5.17E-08
1627,4875.25,0.36325,5.24E-08
1628,4875.25,0.373,5.31E-08
1629,4875.25,0.38275,5.38E-08
1630,4875.25,0.3925,5.44E-08
1631,4875.25,0.40225,5.51E-08
1632,4875.25,0.412,5.58E-08
1633,4875.25,0.42175,5.65E-08
1634,4875.25,0.4315,5.71E-08
1635,4875.25,0.44125,5.78E-08
1636,4875.25,0.451,5.85E-08
1637,4875.25,0.46075,5.91E-08
1638,4875.25,0.4705,5.97E-08
1639,4875.25,0.48025,6.03E-08
1640,4875.25,0.49,6.09E-08
1641,5000,0.1,3.94E-08
1642,5000,0.10975,3.98E-08
1643,5000,0.1195,4.03E-08
1644,5000,0.12925,4.08E-08
1645,5000,0.139,4.12E-08
1646,5000,0.14875,4.17E-08
1647,5000,0.1585,4.22E-08
1648,5000,0.16825,4.28E-08
1649,5000,0.178,4.33E-08
1650,5000,0.18775,4.38E-08
1651,5000,0.1975,4.44E-08
1652,5000,0.20725,4.49E-08
1653,5000,0.217,4.55E-08
1654,5000,0.22675,4.61E-08
1655,5000,0.2365,4.67E-08
1656,5000,0.24625,4.73E-08
1657,5000,0.256,4.79E-08
1658,5000,0.26575,4.85E-08
1659,5000,0.2755,4.92E-08
1660,5000,0.28525,4.98E-08
1661,5000,0.295,5.05E-08
1662,5000,0.30475,5.11E-08
1663,5000,0.3145,5.18E-08
1664,5000,0.32425,5.25E-08
1665,5000,0.334,5.31E-08
1666,5000,0.34375,5.38E-08
1667,5000,0.3535,5.45E-08
1668,5000,0.36325,5.52E-08
1669,5000,0.373,5.59E-08
1670,5000,0.38275,5.66E-08
1671,5000,0.3925,5.73E-08
1672,5000,0.40225,5.80E-08
1673,5000,0.412,5.87E-08
1674,5000,0.42175,5.93E-08
1675,5000,0.4315,6.00E-08
1676,5000,0.44125,6.07E-08
1677,5000,0.451,6.14E-08
1678,5000,0.46075,6.21E-08
1679,5000,0.4705,6.27E-08
1680,5000,0.48025,6.33E-08
1681,5000,0.49,6.39E-08
